<?xml version="1.0" encoding="UTF-8"?>
<project-private xmlns="http://www.netbeans.org/ns/project-private/1">
    <editor-bookmarks xmlns="http://www.netbeans.org/ns/editor-bookmarks/2" lastBookmarkId="0"/>
    <open-files xmlns="http://www.netbeans.org/ns/projectui-open-files/2">
        <group>
            <file>file:/C:/Users/Betina/Downloads/PersonalManagementSystem-20250313T143440Z-001/PersonalManagementSystem/src/Contact.java</file>
            <file>file:/C:/Users/Betina/Downloads/PersonalManagementSystem-20250313T143440Z-001/PersonalManagementSystem/src/DatabaseConnection.java</file>
            <file>file:/C:/Users/Betina/Downloads/PersonalManagementSystem-20250313T143440Z-001/PersonalManagementSystem/src/PersonalManagementSystemUI.java</file>
            <file>file:/C:/Users/Betina/Downloads/PersonalManagementSystem-20250313T143440Z-001/PersonalManagementSystem/src/Task.java</file>
            <file>file:/C:/Users/Betina/Downloads/PersonalManagementSystem-20250313T143440Z-001/PersonalManagementSystem/test/ContactTest.java</file>
        </group>
    </open-files>
</project-private>
